{"v":"5.5.7","meta":{"g":"LottieFiles AE 0.1.21","a":"","k":"","d":"","tc":""},"fr":30,"ip":0,"op":20,"w":512,"h":512,"nm":"Right","ddd":0,"assets":[{"id":"comp_0","layers":[{"ddd":0,"ind":1,"ty":4,"nm":"Arrow","sr":1,"ks":{"o":{"a":0,"k":100,"ix":11},"r":{"a":0,"k":0,"ix":10},"p":{"a":0,"k":[256,256.478,0],"ix":2},"a":{"a":0,"k":[256,321.501,0],"ix":1},"s":{"a":0,"k":[50,50,100],"ix":6}},"ao":0,"shapes":[{"ty":"gr","it":[{"ind":0,"ty":"sh","ix":1,"ks":{"a":1,"k":[{"i":{"x":0.833,"y":0.833},"o":{"x":0.167,"y":0.167},"t":0,"s":[{"i":[[0,0],[0,0],[0.012,0.035],[0,0]],"o":[[0,0],[-0.012,0.066],[0,0],[0,0]],"v":[[-84,56.541],[-35.977,56.526],[35,56.526],[84,56.541]],"c":false}]},{"i":{"x":0.833,"y":0.833},"o":{"x":0.167,"y":0.167},"t":3,"s":[{"i":[[0,0],[0,0],[0.012,0.035],[0,0]],"o":[[0,0],[-0.012,0.066],[0,0],[0,0]],"v":[[-71,56.503],[-35.977,56.526],[35,56.557],[71,56.938]],"c":false}]},{"i":{"x":0.833,"y":0.833},"o":{"x":0.167,"y":0.167},"t":6,"s":[{"i":[[0,0],[0,0],[-33.431,-38.626],[0,0]],"o":[[0,0],[37.82,-38.588],[0,0],[0,0]],"v":[[-72,57.265],[-35.82,10.633],[35.431,10.671],[70.125,56.89]],"c":false}]},{"i":{"x":0,"y":1},"o":{"x":0,"y":0},"t":9,"s":[{"i":[[0,0],[0,0],[-14.414,-38.233],[0,0]],"o":[[0,0],[14.5,-39.233],[0,0],[0,0]],"v":[[-72.062,56.717],[-35.5,-67.721],[35.414,-67.721],[70,56.717]],"c":false}]},{"t":15,"s":[{"i":[[0,0],[0,0],[-19.549,-19.663],[0,0]],"o":[[0,0],[19.549,-19.663],[0,0],[0,0]],"v":[[-133,56.634],[-35.457,-39.221],[35.457,-39.221],[133,56.634]],"c":false}]}],"ix":2},"nm":"Path 1","mn":"ADBE Vector Shape - Group","hd":false},{"ty":"st","c":{"a":0,"k":[0.2157,0.0235,0.0902,1],"ix":3},"o":{"a":0,"k":100,"ix":4},"w":{"a":0,"k":30,"ix":5},"lc":2,"lj":2,"bm":0,"nm":"Stroke 1","mn":"ADBE Vector Graphic - Stroke","hd":false},{"ty":"tr","p":{"a":0,"k":[256,263.999],"ix":2},"a":{"a":0,"k":[0,0],"ix":1},"s":{"a":0,"k":[100,100],"ix":3},"r":{"a":0,"k":0,"ix":6},"o":{"a":0,"k":100,"ix":7},"sk":{"a":0,"k":0,"ix":4},"sa":{"a":0,"k":0,"ix":5},"nm":"Transform"}],"nm":"Group 1","np":2,"cix":2,"bm":0,"ix":1,"mn":"ADBE Vector Group","hd":false}],"ip":0,"op":150,"st":0,"bm":0}]}],"layers":[{"ddd":0,"ind":1,"ty":0,"nm":"Arrow","refId":"comp_0","sr":1,"ks":{"o":{"a":0,"k":100,"ix":11},"r":{"a":0,"k":90,"ix":10},"p":{"a":0,"k":[232,256,0],"ix":2},"a":{"a":0,"k":[256,256,0],"ix":1},"s":{"a":0,"k":[100,100,100],"ix":6}},"ao":0,"w":512,"h":512,"ip":0,"op":150,"st":0,"bm":0}],"markers":[]}