{"v":"5.8.1","fr":30,"ip":0,"op":122,"w":1080,"h":1080,"nm":"03","ddd":0,"assets":[],"layers":[{"ddd":0,"ind":1,"ty":4,"nm":"Capa 6","sr":1,"ks":{"o":{"a":0,"k":100,"ix":11},"r":{"a":0,"k":0,"ix":10},"p":{"a":1,"k":[{"i":{"x":0.2,"y":1},"o":{"x":0.8,"y":0},"t":10,"s":[540,540,0],"to":[11.667,-46.333,0],"ti":[12.667,38,0]},{"i":{"x":0.2,"y":1},"o":{"x":0.8,"y":0},"t":30,"s":[724,376,0],"to":[-12.667,-38,0],"ti":[52.667,-52.667,0]},{"i":{"x":0.2,"y":1},"o":{"x":0.8,"y":0},"t":50,"s":[464,312,0],"to":[-52.667,52.667,0],"ti":[-40.667,-65.333,0]},{"i":{"x":0.2,"y":1},"o":{"x":0.8,"y":0},"t":70,"s":[408,692,0],"to":[40.667,65.333,0],"ti":[-22,25.333,0]},{"i":{"x":0.2,"y":1},"o":{"x":0.8,"y":0},"t":90,"s":[708,704,0],"to":[22,-25.333,0],"ti":[0,0,0]},{"t":110,"s":[540,540,0]}],"ix":2,"l":2},"a":{"a":0,"k":[561.572,-451.992,0],"ix":1,"l":2},"s":{"a":0,"k":[100,100,100],"ix":6,"l":2}},"ao":0,"shapes":[{"ty":"gr","it":[{"ind":0,"ty":"sh","ix":1,"ks":{"a":0,"k":{"i":[[0,90.976],[-90.976,0],[0,-90.976],[90.976,0]],"o":[[0,-90.976],[90.976,0],[0,90.976],[-90.976,0]],"v":[[380.089,-474.492],[545.079,-639.488],[710.07,-474.492],[545.079,-309.507]],"c":true},"ix":2},"nm":"Path 1","mn":"ADBE Vector Shape - Group","hd":false},{"ind":1,"ty":"sh","ix":2,"ks":{"a":0,"k":{"i":[[0,0],[0,0],[0,50.054],[99.649,0],[0,-99.649],[-99.648,0],[-31.359,26.172],[0,0]],"o":[[0,0],[32.989,-32.757],[0,-99.649],[-99.648,0],[0,99.649],[43.945,0],[0,0],[0,0]],"v":[[758.783,-259.888],[672.349,-346.321],[725.797,-474.492],[545.079,-655.215],[364.361,-474.492],[545.079,-293.78],[660.708,-335.723],[747.663,-248.768]],"c":true},"ix":2},"nm":"Path 2","mn":"ADBE Vector Shape - Group","hd":false},{"ty":"fl","c":{"a":0,"k":[1,0,0.0157,1],"ix":4},"o":{"a":0,"k":100,"ix":5},"r":1,"bm":0,"nm":"Fill 1","mn":"ADBE Vector Graphic - Fill","hd":false},{"ty":"tr","p":{"a":0,"k":[0,0],"ix":2},"a":{"a":0,"k":[0,0],"ix":1},"s":{"a":0,"k":[100,100],"ix":3},"r":{"a":0,"k":0,"ix":6},"o":{"a":0,"k":100,"ix":7},"sk":{"a":0,"k":0,"ix":4},"sa":{"a":0,"k":0,"ix":5},"nm":"Transform"}],"nm":"Group 1","np":3,"cix":2,"bm":0,"ix":1,"mn":"ADBE Vector Group","hd":false}],"ip":0,"op":122,"st":0,"bm":0}],"markers":[]}